{
  "roc_auc": 0.9889605734767026,
  "precision": 0.8695652173913043,
  "recall": 0.8888888888888888,
  "f1": 0.8791208791208791,
  "avg_precision": 0.9671565085213165
}